,avg_fitness,n_fun_calls,ratio_avg_to_fun
0,-12784.766666666666,30000,-0.42615888888888886
