,avg_fitness,n_fun_calls,ratio_avg_to_fun
0,-237291.23333333334,10000,-23.729123333333334
