,avg_fitness,n_fun_calls,ratio_avg_to_fun
0,580.2333333333333,10000,0.058023333333333336
