,avg_fitness,n_fun_calls,ratio_avg_to_fun
0,1937.7666666666667,30000,0.06459222222222222
