,avg_fitness,n_fun_calls,ratio_avg_to_fun
0,265.46666666666664,10000,0.026546666666666663
