,avg_fitness,n_fun_calls,ratio_avg_to_fun
0,-352189.76666666666,10000,-35.21897666666666
