,avg_fitness,n_fun_calls,ratio_avg_to_fun
0,1060.8666666666666,10000,0.10608666666666666
