,avg_fitness,n_fun_calls,ratio_avg_to_fun
0,-1652131.7333333334,10000,-165.21317333333334
