,avg_fitness,n_fun_calls,ratio_avg_to_fun
0,1372.2666666666667,30000,0.04574222222222222
