,avg_fitness,n_fun_calls,ratio_avg_to_fun
0,2434.133333333333,30000,0.08113777777777777
