,avg_fitness,n_fun_calls,ratio_avg_to_fun
0,-111004.56666666667,10000,-11.100456666666666
