,avg_fitness,n_fun_calls,ratio_avg_to_fun
0,-68098.06666666667,10000,-6.809806666666667
