,avg_fitness,n_fun_calls,ratio_avg_to_fun
0,-1184.4333333333334,10000,-0.11844333333333334
