,avg_fitness,n_fun_calls,ratio_avg_to_fun
0,1888.7333333333333,10000,0.18887333333333334
