,avg_fitness,n_fun_calls,ratio_avg_to_fun
0,-147121.86666666667,30000,-4.9040622222222225
