,avg_fitness,n_fun_calls,ratio_avg_to_fun
0,-369851.06666666665,10000,-36.98510666666667
