,avg_fitness,n_fun_calls,ratio_avg_to_fun
0,-668202.7666666667,10000,-66.82027666666667
